{
    "loss": 0.8784187436103821,
    "accuracy": 0.8853647708892822
}