{
    "loss": 7.441169738769531,
    "accuracy": 0.39496248960494995
}