{
    "loss": 3.7941768169403076,
    "accuracy": 0.6066452264785767
}