{
    "loss": 1.347590684890747,
    "accuracy": 0.8994109630584717
}